<application>
  <component name="FileTypeManager" version="18">
    <ignoreFiles list="*$py.class;*.pyc;*.pyo;*.rbc;*.yarb;*~;.DS_Store;.git;.hg;.svn;CVS;__pycache__;_svn;vssver.scc;vssver2.scc" />
    <extensionMap>
      <mapping pattern="palavras" type="AUTO_DETECTED" />
      <mapping pattern="test_emprestar.py" type="AUTO_DETECTED" />
      <mapping pattern="README" type="AUTO_DETECTED" />
      <mapping pattern="LICENSE" type="AUTO_DETECTED" />
      <mapping ext="ods" type="PLAIN_TEXT" />
      <mapping ext="db" type="PLAIN_TEXT" />
      <removed_mapping ext="txt" approved="true" type="PLAIN_TEXT" />
      <removed_mapping ext="xls" approved="true" type="Native" />
      <removed_mapping ext="xlsx" approved="true" type="Native" />
    </extensionMap>
  </component>
</application>