<application>
  <component name="GraziConfig">
    <option name="enabledLanguages">
      <set>
        <option value="English (US)" />
        <option value="Portuguese (Brazil)" />
      </set>
    </option>
    <option name="suppressingContext">
      <SuppressingContext>
        <option name="suppressed">
          <set>
            <option value="analise_exploratoria_dados_IMDB_V2" />
            <option value="cada caracter — Para cada caracter, se o caracter não" />
            <option value=":" />
            <option value="‘software’ e arquivos de documentação associados (o &quot;Software&quot;), para lidar com o Software sem" />
            <option value="&quot;Software&quot;), para lidar com o Software sem restrições, incluindo, sem limitação, os direitos de usar, copiar, modificar, mesclar, publicar, distribuir, sublicenciar e / ou vender cópias do Software e" />
            <option value="o Software sem restrições, incluindo, sem limitação, os direitos de usar, copiar, modificar, mesclar, publicar, distribuir, sublicenciar e / ou vender cópias do Software e permitir que as pessoas a quem o Software é" />
          </set>
        </option>
      </SuppressingContext>
    </option>
  </component>
</application>