<application>
  <component name="LessonStateBase">
    <option name="map">
      <map>
        <entry key="actions" value="PASSED" />
        <entry key="basic completion" value="PASSED" />
        <entry key="codeassistance.codeformatting" value="PASSED" />
        <entry key="codeassistance.editorcodingassistance" value="PASSED" />
        <entry key="codeassistance.localhistory" value="NOT_PASSED" />
        <entry key="codeassistance.parameterinfo" value="PASSED" />
        <entry key="codeassistance.quickpopups" value="PASSED" />
        <entry key="collapse" value="PASSED" />
        <entry key="comment line" value="PASSED" />
        <entry key="completion.f.string" value="PASSED" />
        <entry key="context.actions" value="PASSED" />
        <entry key="declaration and usages" value="PASSED" />
        <entry key="duplicate" value="PASSED" />
        <entry key="extract method" value="PASSED" />
        <entry key="extract variable" value="NOT_PASSED" />
        <entry key="file structure" value="PASSED" />
        <entry key="find in files" value="PASSED" />
        <entry key="git.annotate" value="NOT_PASSED" />
        <entry key="git.basicworkflow" value="PASSED" />
        <entry key="git.changelistsandshelf" value="NOT_PASSED" />
        <entry key="git.commit" value="PASSED" />
        <entry key="git.interactiverebase" value="NOT_PASSED" />
        <entry key="git.projecthistory" value="PASSED" />
        <entry key="git.quickstart" value="PASSED" />
        <entry key="move" value="PASSED" />
        <entry key="multiple selections" value="PASSED" />
        <entry key="postfix completion" value="PASSED" />
        <entry key="python.debug.workflow" value="PASSED" />
        <entry key="python.onboarding" value="NOT_PASSED" />
        <entry key="python.run.configuration" value="PASSED" />
        <entry key="recent files and locations" value="PASSED" />
        <entry key="refactoring menu" value="PASSED" />
        <entry key="refactoring.in.place" value="PASSED" />
        <entry key="refactoring.quick.fix" value="PASSED" />
        <entry key="rename" value="PASSED" />
        <entry key="search everywhere" value="PASSED" />
        <entry key="select" value="PASSED" />
        <entry key="smart completion" value="PASSED" />
        <entry key="surround and unwrap" value="PASSED" />
        <entry key="tab completion" value="PASSED" />
      </map>
    </option>
  </component>
</application>