<application>
  <component name="ProjectManager">
    <defaultProject>
      <component name="ProjectDictionaryState">
        <dictionary name="cicer" />
      </component>
      <component name="PropertiesComponent">
        <property name="last_opened_file_path" value="$USER_HOME$/Downloads/IntelliJ.Portuguese.Brazil.Dictionary-master/IntelliJ.Portuguese.Brazil.Dictionary-master/portuguese-brazil_without-accents.dic" />
        <property name="settings.editor.selected.configurable" value="preferences.fileTypes" />
      </component>
    </defaultProject>
  </component>
</application>